{
  "project_info": {
    "project_number": "318836561590",
    "firebase_url": "https://online-tic-tac-toe-cb130.firebaseio.com",
    "project_id": "online-tic-tac-toe-cb130",
    "storage_bucket": "online-tic-tac-toe-cb130.appspot.com"
  },
  "client": [
    {
      "client_info": {
        "mobilesdk_app_id": "1:318836561590:android:e488d690e2dbaee9",
        "android_client_info": {
          "package_name": "com.aashishtamsya.android.onlinetictactoe"
        }
      },
      "oauth_client": [
        {
          "client_id": "318836561590-50tks0omceenlcgguqq3617ije47sbpv.apps.googleusercontent.com",
          "client_type": 3
        }
      ],
      "api_key": [
        {
          "current_key": "AIzaSyCqcElwf97LUYYEXYz85Mhb1txssKQpP6M"
        }
      ],
      "services": {
        "analytics_service": {
          "status": 1
        },
        "appinvite_service": {
          "status": 1,
          "other_platform_oauth_client": []
        },
        "ads_service": {
          "status": 2
        }
      }
    }
  ],
  "configuration_version": "1"
}